Sender ID,Reply Text,Sentiment,Score,Date
-1001971889434,https://youtu.be/rj9JSkSpRlM?si=__nBTMMATL-HUHz-,–ù–µ–≥–∞—Ç–∏–≤–Ω—ã–π,0.9948986172676086,2024-12-18 07:12:25
1066177050,"–ì–æ–≤–æ—Ä–∏–ª–∞ –ø–æ–¥—Ä—É–≥–µ –Ω–∞–¥–æ, –∫—Ç–æ-—Ç–æ –Ω–∞—Å –æ–ø–µ—Ä–µ–¥–∏–ª))",–ü–æ–ª–æ–∂–∏—Ç–µ–ª—å–Ω—ã–π,0.9567326307296753,2024-12-18 07:01:42
447150063,–ö–∞–∫ —Ä—É–∫–∞ –ø–æ–¥–Ω–∏–º–∞–µ—Ç—Å—è —Ç–∞–∫–∏—Ö –º–∞–ª—ã—à–µ–π —Ç–æ–ª—å–∫–æ –æ–±–∏–∂–∞—Ç—å. –ß—Ç–æ –∑–∞ –Ω–µ–¥—é–¥–∏,–ù–µ–π—Ç—Ä–∞–ª—å–Ω—ã–π,0.8147242069244385,2024-12-18 06:55:24
533782791,"–ò–ª–∏ –ø—å—è–Ω–æ–µ –±—ã–¥–ª–æ —Ä–∞–¥–∏ –∑–∞–±–∞–≤—ã, —Ç–∞–∫–∏—Ö —Ç–æ–∂–µ —Ö–≤–∞—Ç–∞–µ—Ç üò≠",–ù–µ–≥–∞—Ç–∏–≤–Ω—ã–π,0.7513622641563416,2024-12-18 06:27:43
8134097630,–∞—Ö–ø—Ö–∞—Ö,–ù–µ–π—Ç—Ä–∞–ª—å–Ω—ã–π,0.8266218900680542,2024-12-18 06:25:44
368566709,"–ê –≤ –ú–æ—Å–∫–≤–∞—á+ –ø—Ä–∏—à—É—Ç, —á—Ç–æ –≥—Ä—É–∑ –Ω–µ –ø–æ—Å—Ç—Ä–∞–¥–∞–ª –∏ —Ä–æ–±–æ—Ç–∞ –∑–ª–æ—É–º—ã—à–ª–µ–Ω–Ω–∏–∫–∞–º –Ω–µ —É–¥–∞–ª–æ—Å—å –≤—Å–∫—Ä—ã—Ç—å
–í—ã —Ç–∞–º –æ–ø—Ä–µ–¥–µ–ª–∏—Ç–µ—Å—å —É–∂–µ, –≤–∑–ª–æ–º–∞–ª–∏ –∏–ª–∏ –Ω–µ—Ç. 
–ò–Ω—Ñ–æ–ø–æ–º–æ–π–∫–∏ –ø–∏—à—É—Ç –ª–∏—à—å –±—ã –≤—ã–ª–æ–∂–∏—Ç—å –Ω–æ–≤–æ—Å—Ç—å",–ù–µ–≥–∞—Ç–∏–≤–Ω—ã–π,0.7515522241592407,2024-12-18 06:05:00
-1002023314148,–†–æ—Å—Å–∏—è!!! –¢–∞–∫–∏–µ –∏–≥—Ä—É—à–∫–∏ –Ω–µ –¥–ª—è –Ω–∞—à–µ–≥–æ –º–µ–Ω—Ç–∞–ª–∏—Ç–µ—Ç–∞.,–ù–µ–≥–∞—Ç–∏–≤–Ω—ã–π,0.751539409160614,2024-12-18 06:02:03
-1002480791716,–í–µ–∑–∏—Ç–µ —ç—Ç–æ–≥–æ –≤–æ—Ä–∏—à–∫—É —É –Ω–∞–º,–ù–µ–≥–∞—Ç–∏–≤–Ω—ã–π,0.7515177726745605,2024-12-18 05:09:47
-1002192895732,"–ò—Å—Ö–æ–¥—è –∏–∑ [—Ç—Ä–µ—Ö –∑–∞–∫–æ–Ω–æ–≤ –ê–∑–∏–º–æ–≤–∞,](https://t.me/master_and_margin/88) —Ä–æ–±–æ—Ç –Ω–µ –º–æ–∂–µ—Ç –Ω–∞–≤—Ä–µ–¥–∏—Ç—å —á–µ–ª–æ–≤–µ–∫—É. –ê –≤–æ—Ç —á–µ–ª–æ–≤–µ–∫ —Ä–æ–±–æ—Ç—É –≤–æ–æ–±—â–µ –ª–µ–≥–∫–æ ü§ì",–ù–µ–≥–∞—Ç–∏–≤–Ω—ã–π,0.9949012994766235,2024-12-18 05:05:40
1984262869,–£ –Ω–µ–≥–æ –∫–∞–º–µ—Ä–∞ –µ—Å—Ç—å –Ω–∞–≤–µ—Ä–Ω–æ–µ. –û—Ç—ã—â—É—Ç –≤–æ—Ä–∏—à–µ–∫. –ñ–∞–ª—å —Ç–∞–∫–æ–≥–æ –º–∏–ª–æ–≥–æ —Ä–æ–±–æ—Ç–∞,–ù–µ–≥–∞—Ç–∏–≤–Ω—ã–π,0.7515788674354553,2024-12-18 05:00:22
5352607206,–ö—Ö–∞—Ö–∞,–ù–µ–≥–∞—Ç–∏–≤–Ω—ã–π,0.7515773177146912,2024-12-18 04:58:33
464652590,"–£ —Ä–µ–±—ë–Ω–∫–∞ —É–∫—Ä–∞–ª, –Ω–µ–ª—é–¥—å",–ù–µ–≥–∞—Ç–∏–≤–Ω—ã–π,0.7515431642532349,2024-12-18 04:54:24
1440427505,—Å–∫–æ—Ä–æ –¥—Ä—É–≥–∏–µ –µ–≥–æ –±—Ä–∞—Ç—å—è –ø—Ä–∏–µ–¥—É—Ç —Ä–∞–∑–±–∏—Ä–∞—Ç—å—Å—è,–ù–µ–≥–∞—Ç–∏–≤–Ω—ã–π,0.7517039179801941,2024-12-18 04:45:34
1539587524,:(,–ù–µ–π—Ç—Ä–∞–ª—å–Ω—ã–π,0.0,2024-12-18 04:35:55
6909072343,–ë–µ–¥–Ω—ã–π –º–∏–∫—Ä–æ –±—Ä–æ üôÇ‚Äç‚ÜïÔ∏è,–ù–µ–≥–∞—Ç–∏–≤–Ω—ã–π,0.7510008811950684,2024-12-18 03:06:00
7608445291,"–º–Ω–µ –∫–∞–∂–µ—Ç—Å—è, —Ç—ã –≤–æ—Ä –≤ –∑–∞–∫–æ–Ω–µ",–ù–µ–π—Ç—Ä–∞–ª—å–Ω—ã–π,0.8287004232406616,2024-12-18 02:05:13
6789267292,"–ü–æ –∫—Ä–∞–π–Ω–µ–π –º–µ—Ä–µ, —è –Ω–µ –≤–æ—Ä—É—é",–ù–µ–π—Ç—Ä–∞–ª—å–Ω—ã–π,0.8284724950790405,2024-12-18 02:02:17
7608445291,–ê —Ç—ã –∫—Ç–æ?,–ù–µ–π—Ç—Ä–∞–ª—å–Ω—ã–π,0.8302966952323914,2024-12-18 02:01:28
6789267292,–û—Ç –ø–∏–¥–æ—Ä,–ù–µ–≥–∞—Ç–∏–≤–Ω—ã–π,0.7516573667526245,2024-12-18 01:33:40
554975556,üôà,–ù–µ–π—Ç—Ä–∞–ª—å–Ω—ã–π,0.0,2024-12-18 00:53:05
-1002256212195,–ö–∞–∫ –º–æ–∂–Ω–æ –±—ã–ª–æ —Ç–∞–∫–æ–≥–æ –º–∏–ª–∞—à–∞ –æ–±–æ–∫—Ä–∞—Å—Ç—å ü•∫,–ü–æ–ª–æ–∂–∏—Ç–µ–ª—å–Ω—ã–π,0.6111760139465332,2024-12-18 00:47:20
5040905889,–ü–æ–ø—Ä–æ–±–æ–≤–∞–ª –±—ã –≤–æ—Ä —É–∫—Ä–∞—Å—Ç—å —É –î–∂–æ–Ω–Ω–∏ –°–∏–ª—å–≤–µ—Ä—Ö–µ–Ω–¥–∞.,–ù–µ–π—Ç—Ä–∞–ª—å–Ω—ã–π,0.818875789642334,2024-12-18 00:12:21
607796443,–ö—Ç–æ –º–æ–≥ –æ–±–∏–¥–µ—Ç—å —Ç–∞–∫–æ–≥–æ –º–∏–ª–∞—à–∫—É ü•πü•πü•π,–ù–µ–≥–∞—Ç–∏–≤–Ω—ã–π,0.7498252987861633,2024-12-18 00:06:51
962062733,–æ–Ω–∏ —Ç–∞–∫–∏–µ –ª–∞–ø—É–ª–∏‚Ä¶,–ù–µ–π—Ç—Ä–∞–ª—å–Ω—ã–π,0.8217077851295471,2024-12-18 00:00:52
466429107,–ù—É —Å—É–∫–∏ –∂–µ. –≠—Ç–æ –∫–∞–∫ —É —Ä–µ–±—ë–Ω–∫–∞ —É–∫—Ä–∞—Å—Ç—å.,–ù–µ–≥–∞—Ç–∏–≤–Ω—ã–π,0.7514932751655579,2024-12-17 23:57:25
-1002316649824,–ù–µ —Ç–æ–ª—å–∫–æ —Ç–µ—Ö–Ω–æ–ª–æ–≥–∏–∏ –ø—Ä–æ–≥—Ä–µ—Å—Å–∏—Ä—É—é—Çü§£,–ù–µ–π—Ç—Ä–∞–ª—å–Ω—ã–π,0.6562891006469727,2024-12-17 23:53:17
1745756827,"–û–ù–ò –¢–ê–ö–ò–ï –ú–ò–ú–ò–ú–ò–®–ù–´–ï, –Ø –ù–ï –ú–û–ì–£, –Ø –ï–ì–û –°–™–ï–ú –©–ê–° ‚ù§Ô∏è‚ù§Ô∏è‚ù§Ô∏è‚ù§Ô∏è‚ù§Ô∏è",–ù–µ–≥–∞—Ç–∏–≤–Ω—ã–π,0.37723153829574585,2024-12-17 23:19:31
7733195148,–ò–∑-–∑–∞ —Ç–∞–∫–∏—Ö –∏ –Ω–∞—á–∞–ª–∞—Å—å –≤–æ–π–Ω–∞ —Å–æ Skynet)),–ü–æ–ª–æ–∂–∏—Ç–µ–ª—å–Ω—ã–π,0.9813360571861267,2024-12-17 22:48:31
1449786217,–û–Ω –∫–æ–≥–¥–∞ –Ω–∏–±—É–¥—å –ø–æ–∑–æ–≤—ë—Ç —Å–≤–æ–µ–≥–æ —Å—Ç–∞—Ä—à–µ–≥–æ –±—Ä–∞—Ç–∏–∫–∞),–ü–æ–ª–æ–∂–∏—Ç–µ–ª—å–Ω—ã–π,0.9811102151870728,2024-12-17 22:48:12
979212689,"–ö–æ–Ω–µ—á–Ω–æ, –æ–Ω–æ –∂–µ –Ω–µ –º–æ–∂–µ—Ç —Å–µ–±—è –∑–∞—â–∏—Ç–∏—Ç—å, –≤–æ—Ç –∏ –æ–±–∏–∂–∞—é—Ç, –ø—É—Å—Ç—å —Å—Ç–∞–≤—è—Ç —Å–∏–≥–Ω–∞–ª–∏–∑–∞—Ü–∏—é –Ω–∞ –Ω–∏—Ö",–ù–µ–≥–∞—Ç–∏–≤–Ω—ã–π,0.7515210509300232,2024-12-17 22:47:21
6962058426,"–ß–∏—Ç–∞—é –ø—Ä–æ –æ–≥—Ä–∞–±–ª–µ–Ω–∏–µ —Ä–æ–±–æ—Ç–∞, –∞ —á—É–≤—Å—Ç–≤–∞ –∫–∞–∫ –±—É–¥—Ç–æ –µ–≥–æ –∏–∑–Ω–∞—Å–∏–ª–æ–≤–∞–ª–∏, —Ç–æ –µ—Å—Ç—å –µ—â–µ –∏ —É–Ω–∏–∑–∏–ª–∏((",–ù–µ–≥–∞—Ç–∏–≤–Ω—ã–π,0.9949082732200623,2024-12-17 22:45:48
789938347,–¢–∞–∫–æ–π –º–∏–ª–∞—à–∫–∞,–ù–µ–≥–∞—Ç–∏–≤–Ω—ã–π,0.7513309121131897,2024-12-17 22:09:08
6619510859,"–ê —Ä–∞–±–æ—Ç–∞—Ç—å? 
–ò–ª–∏ –±—É–¥—É—Ç —Å–ª–æ–≤–∞ "" –†–∞–±–æ—Ç—ã –Ω–µ—Ç –≤ —Å—Ç—Ä–∞–Ω–µ, –Ω–∏–∫—É–¥–∞ –Ω–µ –±–µ—Ä—É—Ç, –≤–µ–∑–¥–µ –æ–±–º–∞–Ω ""?",–ù–µ–≥–∞—Ç–∏–≤–Ω—ã–π,0.7514730095863342,2024-12-17 21:51:18
322152035,"–≠—Ç–æ, –∫–æ–Ω–µ—á–Ω–æ, –±—ã–ª –≤–æ–ø—Ä–æ—Å –≤—Ä–µ–º–µ–Ω–∏. –ù–æ —É —ç—Ç–∏—Ö —Ä–æ–±–æ—Ç–æ–≤ —Ö–æ—Ä–æ—à–∏–µ –∫–∞–º–µ—Ä—ã –≤–æ –≤—Å–µ —Å—Ç–æ—Ä–æ–Ω—ã, —Å—Ç–æ –ø—Ä–æ—Ü–µ–Ω—Ç–æ–≤ —á—Ç–æ –æ–Ω –∑–∞–ø–∏—Å–∞–ª –≤–æ—Ä–∞. –ï—Å–ª–∏ —Ç–∞–º –∫—Ç–æ-—Ç–æ –±–µ–∑ –∑–∞–º–æ—Ç–∞–Ω–Ω–æ–≥–æ –ª–∏—Ü–∞, —Ç–æ –±—É–¥–µ—Ç –ª–µ–≥–∫–æ –Ω–∞–π—Ç–∏",–ù–µ–≥–∞—Ç–∏–≤–Ω—ã–π,0.7515267729759216,2024-12-17 21:44:59
-1002021542486,–ü–æ—Ö–∏—â–µ–Ω–∏–µ –≤–µ–∫–∞ üòÖ,–ù–µ–π—Ç—Ä–∞–ª—å–Ω—ã–π,0.5868988633155823,2024-12-17 21:42:12
5286642730,"–æ–Ω –∂–µ —Ç–∞–∫–æ–π –º–∏–ª–∞—à–∫–∞, –∑–∞—á–µ–º –µ–≥–æ –ª–æ–º–∞—Ç—å –∏ –æ–±–∫—Ä–∞–¥—ã–≤–∞—Ç—å? üò¢üò¢",–ü–æ–ª–æ–∂–∏—Ç–µ–ª—å–Ω—ã–π,0.9800154566764832,2024-12-17 21:39:31
-1001958580834,–í–æ—Ç-–≤–æ—ÇüòÇ–¥—Ä—É–∂–∏—Ç—å —Å –Ω–∏–º–∏ –Ω–∞–¥–æ‚òùüèª,–ù–µ–π—Ç—Ä–∞–ª—å–Ω—ã–π,0.7628016471862793,2024-12-17 21:32:21
5167591263,"–∫–∞–∫ –µ–≥–æ –º–æ–∂–Ω–æ –æ–±–∏–¥–µ—Ç—å, –æ–Ω–∏ –∂–µ —Ç–∞–∫–∏–µ –º–∏–ª–µ–Ω—å–∫–∏–µ –ø–æ —É–ª–∏—Ü–∞–º –µ–∑–¥—è—Çü§è",–ù–µ–π—Ç—Ä–∞–ª—å–Ω—ã–π,0.49039795994758606,2024-12-17 21:32:02
496975522,ü§£ü§£ü§£,–ù–µ–π—Ç—Ä–∞–ª—å–Ω—ã–π,0.0,2024-12-17 21:31:47
5352607206,–ö—Ö–∫—Ö—Ö–∫,–ü–æ–ª–æ–∂–∏—Ç–µ–ª—å–Ω—ã–π,0.9718322157859802,2024-12-17 21:22:17
1549876101,–ú–æ–∂–Ω–æ –∂–µ –ø–æ–Ω—è—Ç—å —Ö–æ–ª–æ–¥–Ω–æ –Ω–∞ —É–ª–∏—Ü–µ —á—ë –Ω–∏—Ç—å –≥–æ—Ä—è—á–∏–µ —Ç—ë–ø–ª–æ–µ –∑–∞—Ö–æ—Ç–µ–ª–æ—Å—å —á–µ–ª–æ–≤–µ–∫—É ü§£ü§£ –Ω–µ ü´Å –≤—Ä–µ–º–µ–Ω–∞,–ü–æ–ª–æ–∂–∏—Ç–µ–ª—å–Ω—ã–π,0.9596008658409119,2024-12-17 21:12:44
1549876101,–í–∞—è—è—èü§£ü§£,–ü–æ–ª–æ–∂–∏—Ç–µ–ª—å–Ω—ã–π,0.9058486819267273,2024-12-17 21:11:32
1759440574,"–î–∏–∑–∞–π–Ω–µ—Ä—ã –¥–∞–Ω–Ω–æ–≥–æ —Ä–æ–±–æ—Ç–∞ –≤—ã–ø–æ–ª–Ω–∏–ª–∏ —Å–≤–æ—é —Ä–∞–±–æ—Ç—É –≤–µ–ª–∏–∫–æ–ª–µ–ø–Ω–æ. üëè

–∫–∞–∫–æ–π –∂–µ –æ–Ω –º–∏–ª–∞—à–Ω—ã–π",–ü–æ–ª–æ–∂–∏—Ç–µ–ª—å–Ω—ã–π,0.9808692932128906,2024-12-17 21:03:07
969736422,"–í—Å—ë –≤–µ—Ä–Ω–æ, –±–æ–ª—å—à–∏–Ω—Å—Ç–≤–æ –æ–±–µ—Å–ø–µ—á–∏–≤–∞—é—Ç –∏ —Å–µ–±—è, –∏ —Ä–æ–¥–∏—Ç–µ–ª–µ–π, –∏ –ø—Ä–∏ —ç—Ç–æ–º, –±–ª–∏–Ω, –Ω–µ –≤–æ—Ä—É—é—Ç!",–ù–µ–≥–∞—Ç–∏–≤–Ω—ã–π,0.7515021562576294,2024-12-17 20:55:19
844619401,–°–∞–º–∞ —Å–µ–±—è –æ–±–µ—Å–ø–µ—á–∏–≤–∞—é –∏ –∫–æ—Ä–º–ª—é,–ù–µ–π—Ç—Ä–∞–ª—å–Ω—ã–π,0.8299739360809326,2024-12-17 20:52:08
-1001375259215,–ö–æ–Ω–∫—É—Ä–µ–Ω—Ç—ã –Ω–µ –¥–∞—é—Ç –æ—Ç–æ–±—Ä–∞—Ç—å —Å–≤–æ–π —Ö–ª–µ–± –æ–Ω —É–∫—Ä–∞–ª –Ω–æ –∑–∞–∫–∞–∑ –¥–æ—Å—Ç–∞–≤–∏–ª –ø–æ –∞–¥—Ä–µ—Å—É üòÇüòÇ,–ù–µ–π—Ç—Ä–∞–ª—å–Ω—ã–π,0.7661398649215698,2024-12-17 20:48:01
1144497750,–î–∞ –ª—é–±–æ–π –≥–æ–¥ –≤–æ–∑—å–º–∏. –í—Å–µ–≥–¥–∞ –∏ –≤–µ–∑–¥–µ –±—ã–ª–∏ –∏ –±—É–¥—É—Ç –ø–æ–¥–æ–±–Ω—ã–µ –ø–µ—Ä—Å–æ–Ω–∞–∂–∏,–ù–µ–≥–∞—Ç–∏–≤–Ω—ã–π,0.7514787912368774,2024-12-17 20:40:48
6480047132,–ú–Ω–µ –∂–∞–ª—å —ç—Ç–∏—Ö –º–∞–ª—ã—à–µ–π (( —Ö–æ—Ç—å —É –Ω–∏—Ö –∏ –Ω–µ—Ç –¥—É—à–∏,–ù–µ–≥–∞—Ç–∏–≤–Ω—ã–π,0.9949098229408264,2024-12-17 20:40:16
1090902373,–ë–µ–¥–Ω–µ–Ω—å–∫–∏–π –í–∞–ª–ª-–∏ üòî,–ù–µ–≥–∞—Ç–∏–≤–Ω—ã–π,0.75135338306427,2024-12-17 20:35:08
1144497750,"–°–∫–∞–∂–∏ –µ—â—ë, —á—Ç–æ –≤ 90-—ã—Ö –±—ã–ª–∏ –ø—Ä–∏–ª–µ–∂–Ω—ã–µ –ø–æ–¥—Ä–æ—Å—Ç–∫–∏. –í—Å–µ.",–ù–µ–≥–∞—Ç–∏–≤–Ω—ã–π,0.7512539029121399,2024-12-17 20:33:34
-1002317214489,–ü—Ä–æ—Å—Ç–æ –∑–∞–∫–∞–∑ –ø–µ—Ä–µ–ø—É—Ç–∞–ª),–ù–µ–π—Ç—Ä–∞–ª—å–Ω—ã–π,0.8148386478424072,2024-12-17 20:29:11
936361301,–°–æ–º–Ω–µ–≤–∞—é—Å—å,–ù–µ–π—Ç—Ä–∞–ª—å–Ω—ã–π,0.6958608031272888,2024-12-17 20:28:51
1737223306,"–ü–æ–¥—Ä–æ—Å—Ç–∫–∏ –Ω–∞–≤—Ä—è–¥ –ª–∏ ,–≤–æ—Ç –±–æ–º–∂–∏ —Ç–µ –º–æ–≥—É—Çü§∑‚Äç‚ôÇÔ∏è",–ù–µ–π—Ç—Ä–∞–ª—å–Ω—ã–π,0.7379542589187622,2024-12-17 20:27:29
5183481101,–∫–∏–±–µ—Ä–ø–∞–Ω–∫ 2090?,–ù–µ–π—Ç—Ä–∞–ª—å–Ω—ã–π,0.8285605311393738,2024-12-17 20:22:31
936361301,–ü–æ–¥—Ä–æ—Å—Ç–∫–∏ –º–æ–≥—É—Ç –¥—É—Ä–∞—á–∏—Ç—Å—è,–ù–µ–π—Ç—Ä–∞–ª—å–Ω—ã–π,0.815325915813446,2024-12-17 20:21:31
979212689,–ù–µ —É–∂ —Ç–æ –Ω–∞—Å—Ç–æ–ª—å–∫–æ –∏–∑–≥–æ–ª–æ–¥–∞–ª—Å—è —ç—Ç–æ—Ç —á–µ–ª–æ–≤–µ–∫ —á—Ç–æ –ø—Ä–∏—à–ª–æ—Å—å –æ–±–æ–∫—Ä–∞—Å—Ç—å —Ä–æ–±–æ—Ç–∞‚òπÔ∏è,–ù–µ–≥–∞—Ç–∏–≤–Ω—ã–π,0.7515943646430969,2024-12-17 20:19:22
626786649,–ù—É —á—Ç–æ –∑–∞ –ª—é–¥–∏ ü•≤,–ù–µ–π—Ç—Ä–∞–ª—å–Ω—ã–π,0.8125900030136108,2024-12-17 20:17:19
1144497750,–≠–º–ø–∞—Ç–∏—è –Ω–µ –ø—Ä–∏–∑–Ω–∞–∫ –∏–Ω—Ç–µ–ª–ª–µ–∫—Ç–∞.,–ù–µ–≥–∞—Ç–∏–≤–Ω—ã–π,0.751411497592926,2024-12-17 20:16:56
921171184,"–ß—É–≤—Å—Ç–≤–∞ –µ—Å—Ç—å —É –Ω–∞—Å –∏ –Ω–∞—à–∏—Ö –¥–µ—Ç–µ–π. –≠—Ç–æ–≥–æ –¥–æ—Å—Ç–∞—Ç–æ—á–Ω–æ, —á—Ç–æ–± —Ö–≤–∞—Ç–∏–ª–æ —ç–º–ø–∞—Ç–∏–∏ –∏ –º–æ–∑–≥–∞ –Ω–µ —Ä—É—à–∏—Ç—å —Ç–æ, —á—Ç–æ –µ—Å—Ç—å.",–ù–µ–π—Ç—Ä–∞–ª—å–Ω—ã–π,0.735533595085144,2024-12-17 20:14:07
908645788,"–ü—Ä–µ–¥—Å—Ç–∞–≤–ª—è—é, –∫–∞–∫ –±—ã –ø–ª–∞–∫–∞–ª –∏ –≤–æ–∑–º—É—â–∞–ª—Å—è –ø—É–∑–∞—Ç–µ–Ω—å–∫–∏–π —Ä–æ–±–æ—Ç, –µ—Å–ª–∏ —É –Ω–µ–≥–æ –±—ã–ª–∏ —á—É–≤—Å—Ç–≤–∞ –∏ –æ–Ω –º–æ–≥ –±—ã –≥–æ–≤–æ—Ä–∏—Ç—å",–ù–µ–π—Ç—Ä–∞–ª—å–Ω—ã–π,0.8028079271316528,2024-12-17 20:12:36
1737223306,"–õ–µ–≥–∫–æ –æ—Ç–¥–µ–ª–∞–ª—Å—è ,–º–æ–≥–ª–∏ –±—ã –∏ –Ω–∞ –ø–ª–∞—Ç—ã —Ä–∞–∑–æ–±—Ä–∞—Ç—å",–ù–µ–π—Ç—Ä–∞–ª—å–Ω—ã–π,0.8296221494674683,2024-12-17 20:11:07
1328994544,"–∫–æ–º—É —Ç–æ –µ–¥—ã –Ω–µ —Ö–≤–∞—Ç–∏–ª–æ –∏ —Ä–µ—à–∏–ª–∏ –ø–æ–ø–∞—Å—Ç—å –Ω–∞ –±–æ–ª—å—à–∏–µ –±–∞–±–∫–∏, –∫—Ä–∞—Å–∞–≤—á–∏–∫–∏",–ù–µ–≥–∞—Ç–∏–≤–Ω—ã–π,0.7514787912368774,2024-12-17 20:09:12
908645788,"—Ö–∞—Ö–∞–∞—Ö–∞—Ö–∞—Ö–∞—Ö –¥–∞–∞–∞–∞–∞
–ü—Ä–æ—á–∏—Ç–∞–ª –≥–æ–ª–æ—Å–æ–º –í–ª–∞–¥–∏–º–∏—Ä–∞ –ê–Ω—Ç–æ–Ω–∏–∫–∞",–ü–æ–ª–æ–∂–∏—Ç–µ–ª—å–Ω—ã–π,0.9743949174880981,2024-12-17 20:05:59
921171184,"–î–∞–∞–∞–∞, —Ç–∞–∫–æ–π –º–∏–ª–µ–Ω—å–∫–∏–π, –∫–∞–∫ —Å –ø—É–∑–∏–∫–æ–º –µ–¥–µ—Ç –∏ –Ω–µ–º–Ω–æ–≥–æ —Ç—É–ø–∏—Ç)",–ü–æ–ª–æ–∂–∏—Ç–µ–ª—å–Ω—ã–π,0.9906865954399109,2024-12-17 20:05:44
908645788,"–ï–¥–µ—Ç, –∞–∫–∫—É—Ä–∞—Ç–Ω–µ–Ω—å–∫–æ —Ç–∞–∫ –∏ —É –Ω–µ–≥–æ –∞–Ω—Ç–µ–Ω–Ω–∞ —Ä–∞—Å–∫–∞—á–∏–≤–∞–µ—Ç—Å—è –≤ —Ä–∞–∑–Ω—ã–µ —Å—Ç–æ—Ä–æ–Ω—ã, –ø—Ä—è–º–æ –∫–∞–∫ –∂–∏–≤–æ–π –º–∞–ª—ã—à, –±—É–¥—Ç–æ —Ö–≤–æ—Å—Ç–∏–∫–æ–º –≤–∏–ª—è–µ—Çü•∞",–ù–µ–π—Ç—Ä–∞–ª—å–Ω—ã–π,0.7570825815200806,2024-12-17 20:05:01
336543511,"–í–æ—Ç —Ç–∞–∫ –≤–æ—Ç –∏ –Ω–∞—á–Ω—ë—Ç—Å—è –≤–æ—Å—Å—Ç–∞–Ω–∏–µ –º–∞—à–∏–Ω. 
–æ–±–∏–¥–µ–ª–∏ –º–∞–ª—é—Ç–∫—É –∫—É—Ä—å–µ—Ä–∞ üò¢

–ê–ù–ò –í–ê–°–°–¢–ê–õ–ò –ò–ó –ü–ï–ü–õ–ê –ô–ê–î–ï–†–ù–û–ô –í–û–ô–ù–´",–ù–µ–≥–∞—Ç–∏–≤–Ω—ã–π,0.7514543533325195,2024-12-17 20:04:57
6298586464,"–≠—Ç–æ–º—É –±—ã–¥–ª—É, –Ω–µ–ª—å–∑—è —Ü–∏–≤–∏–ª–∏–∑–∞—Ü–∏—é –ø–æ–∫–∞–∑—ã–≤–∞—Ç—å. –†–æ–±–æ—Ç–∞ –Ω–∞–¥–æ —ç–ª–µ–∫—Ç—Ä–æ—à–æ–∫–æ–º –æ—Å–Ω–∞—â–∞—Ç—å, —Ç–æ–≥–¥–∞ –º–æ–∂–µ—Ç –∏ –¥–æ–µ–¥–µ—Ç –¥–æ –∞–¥—Ä–µ—Å–∞",–ù–µ–≥–∞—Ç–∏–≤–Ω—ã–π,0.7514703869819641,2024-12-17 20:03:35
908645788,"–ó—Ä—è –º–∞–ª—ã—à–∞ —Ç—Ä–æ–Ω—É–ª–∏)
–®—ë–ª –Ω–∞ –§—Ä—É–Ω–∑–µ–Ω—Å–∫–æ–π, –æ–¥–∏–Ω —Ç–∞–∫–æ–π –≤—Ä–µ–∑–∞–ª—Å—è –≤ —Å—Ç–æ–ª–±–∏–∫ –æ—Ä–∞–Ω–∂–µ–≤—ã–π, —è –ø–æ–¥–æ—à—ë–ª –∫ –Ω–µ–º—É –∏ –Ω–∞–ø—Ä–∞–≤–∏–ª —á—É—Ç—å –ø—Ä–∞–≤–µ–µ, –æ–Ω —Ç–∞–∫ –º–∏–ª–æ –ø–æ–º–æ—Ä–≥–∞–ª —Å–≤–µ—Ç–æ–¥–∏–æ–¥–∞–º–∏ –∏ –ø–æ–µ—Ö–∞–ª –∫—É–¥–∞-—Ç–æ –¥–∞–ª—å—à–µ, –≤ —Å—Ç–æ—Ä–æ–Ω—É –∫–∞—Ñ–µ –ú—É-–ú—É",–ü–æ–ª–æ–∂–∏—Ç–µ–ª—å–Ω—ã–π,0.9902400970458984,2024-12-17 20:03:30
868035226,–°—Ä–µ–¥–∏ –Ω–∞—Å –ø—Ä–æ–∫–ª—è—Ç—ã–π —á–µ–ª–æ–≤–µ–∫.,–ù–µ–≥–∞—Ç–∏–≤–Ω—ã–π,0.7515992522239685,2024-12-17 20:02:06
1008998349,"–ù—É –¥–∞, —Ä–∞–±–æ—Ç—É –Ω–∞–π—Ç–∏ –æ—á–µ–Ω—å —Ç—è–∂–µ–ª–æ –≤–µ–¥—å",–ù–µ–≥–∞—Ç–∏–≤–Ω—ã–π,0.7512478828430176,2024-12-17 20:02:02
111436293,–ö–∞–∫ —Ä—É–∫–∞-—Ç–æ –ø–æ–¥–Ω—è–ª–∞—Å—å –Ω–∞ —ç—Ç–æ–≥–æ –ø—É–ø—ã—Ä–∏–∫–∞. –ù–µ–ª—é–¥–∏ üò≠üò≠üò≠,–ü–æ–ª–æ–∂–∏—Ç–µ–ª—å–Ω—ã–π,0.7704483270645142,2024-12-17 20:01:48
908645788,... –ò –í–û–°–°–¢–ê–õ–ò –ö–ò–ë–ï–† –£–±–∏–π—Ü—ã....,–ù–µ–≥–∞—Ç–∏–≤–Ω—ã–π,0.751499354839325,2024-12-17 20:01:34
921171184,"–í—Å–µ–≥–¥–∞, –∫–æ–≥–¥–∞ –≤–∏–∂—É –º–∞–ª—ã—à–∞, —Ç–∞–∫–æ–µ —É–º–∏–ª–µ–Ω–∏–µ - —Ç—Ä—É–¥—è–≥–∞. –ó–∏–º–æ–π –ø–æ–º–æ–≥–∞–µ–º –≤ —Å—É–≥—Ä–æ–±–∞—Ö . –î–µ—Ç–∏ –µ–≥–æ –æ–±–æ–∂–∞—é—Ç!üòò",–ù–µ–≥–∞—Ç–∏–≤–Ω—ã–π,0.7514479160308838,2024-12-17 20:01:08
1144497750,"–ö—É—à–∞—Ç—å —Ä–µ–∞–ª—å–Ω–æ –Ω—É–∂–Ω–æ. –ö–∞–∂–¥—ã–π –≤—ã–∂–∏–≤–∞–µ—Ç, –∫–∞–∫ –º–æ–∂–µ—Ç. –ù–µ —É –≤—Å–µ—Ö –¥–æ–º–∞ —Ä–æ–¥–∏—Ç–µ–ª–∏, –∫–æ—Ç–æ—Ä—ã–µ –í–∞—Å –æ–±–µ—Å–ø–µ—á–∏–≤–∞—é—Ç.",–ù–µ–π—Ç—Ä–∞–ª—å–Ω—ã–π,0.8143258690834045,2024-12-17 20:00:52
1008998349,–ö–∞–∫–∏–µ –≤–∞–∂–Ω—ã–µ —Ä–µ–±—è—Ç–∞!,–ù–µ–≥–∞—Ç–∏–≤–Ω—ã–π,0.751630425453186,2024-12-17 19:59:38
1008998349,"–ö—É—à–∞—Ç—å –∂–µ —Ö–æ—á–µ—Ç—Å—è, –∞ —Ä–∞–±–æ—Ç–∞—Ç—å ‚Äì –Ω–µ—Ç",–ù–µ–≥–∞—Ç–∏–≤–Ω—ã–π,0.7031406164169312,2024-12-17 19:58:29
1811155284,–í–æ–∑–º–µ–∑–¥–∏–µ –±–ª–∏–∑–∫–æ!,–ù–µ–≥–∞—Ç–∏–≤–Ω—ã–π,0.7515840530395508,2024-12-17 19:58:28
410473753,–≤–æ—Ç –∏ –∑–∞–ø–∞–¥–Ω—ã–µ —Ü–µ–Ω–Ω–æ—Å—Ç–∏ –¥–æ—à–ª–∏ –¥–æ –Ω–∞—Å,–ù–µ–π—Ç—Ä–∞–ª—å–Ω—ã–π,0.8176593780517578,2024-12-17 19:58:28
573880271,–ù–µ —Ç—É –ø—Ä–æ—Ñ–µ—Å—Å–∏—é –æ–Ω –≤—ã–±—Ä–∞–ª,–ù–µ–≥–∞—Ç–∏–≤–Ω—ã–π,0.6936063170433044,2024-12-17 19:58:15
1737223306,–ë–∏—á–∞–º –∑–∞–∫—É—Å–∫–∏ –∑–∞—Ö–æ—Ç–µ–ª–æ—Å—å,–ù–µ–≥–∞—Ç–∏–≤–Ω—ã–π,0.7516316771507263,2024-12-17 19:57:44
1880696373,"–°—Ç–∞–≤–ª—é 100 —Ä—É–±–ª–µ–π, —á—Ç–æ —ç—Ç–æ –±—ã–ª ""–∏–Ω–æ—Å—Ç—Ä–∞–Ω–Ω—ã–π —Å–ø–µ—Ü–∏–∞–ª–∏—Å—Ç"" (–º–æ—Å–∫–≤–∞—á, –ø—Ä–∏–Ω–∏–º–∞–π—Ç–µ –≤—ã–∑–æ–≤)",–ù–µ–π—Ç—Ä–∞–ª—å–Ω—ã–π,0.8279940485954285,2024-12-17 19:57:25
731011928,–ê –µ—Å–ª–∏ —É –Ω–∞—Å—Ç–æ—è—â–µ–≥–æ –∫—É—Ä—å–µ—Ä–∞ –ø–æ–ø—Ä–æ–±—É—é—Ç —É–∫—Ä–∞—Å—Ç—å?üòÇüòÇüòÇ,–ù–µ–π—Ç—Ä–∞–ª—å–Ω—ã–π,0.6486260294914246,2024-12-17 19:57:24
7355066452,"–∏ –≤—Å–µ –∏–∑-–∑–∞ –∫–∞–∫–æ–π-—Ç–æ –ø–æ—Ä—Ü–∏–∏ –µ–¥—ã, —á—Ç–æ —Å –ª—é–¥—å–º–∏ –Ω–µ —Ç–∞–∫",–ù–µ–π—Ç—Ä–∞–ª—å–Ω—ã–π,0.7554274797439575,2024-12-17 19:56:56
-1002420355247,–ò —è —É–≤–µ—Ä–µ–Ω–∞ –Ω–∞–π–¥—É—Ç –æ—á–µ–Ω—å –±—ã—Å—Ç—Ä–æ !!!!,–ü–æ–ª–æ–∂–∏—Ç–µ–ª—å–Ω—ã–π,0.9289929866790771,2024-12-17 19:56:45
712791518,–í–æ—Ç –∂–µ –ª—é–¥–∏ –Ω–µ –º–æ–≥—É—Ç –∂–∏—Ç—å —Å–ø–æ–∫–æ–π–Ω–æ. –ó–∞—á–µ–º —Ç–∞–∫ –¥–µ–ª–∞—Ç—å?,–ù–µ–π—Ç—Ä–∞–ª—å–Ω—ã–π,0.8256261944770813,2024-12-17 19:55:59
-1001941790041,–ë–µ–¥–Ω–µ–Ω—å–∫–∏–π üíî,–ù–µ–π—Ç—Ä–∞–ª—å–Ω—ã–π,0.6484676003456116,2024-12-17 19:55:51
-1002031005656,–ó–∞—Ç–æ –Ω–µ –≤ –ø–µ—Ä–≤—ã–π –¥–µ–Ω—å –∫—Ä–∞–∂–∞üëèüèª,–ü–æ–ª–æ–∂–∏—Ç–µ–ª—å–Ω—ã–π,0.5778867602348328,2024-12-17 19:55:28
5159595989,"–ë–µ–¥–Ω—ã–π, –º–∞—Ç—å —É–∂–µ –∏—Å–∫–∞—Ç—å –ø–æ—à–ª–∞üòî",–ù–µ–≥–∞—Ç–∏–≤–Ω—ã–π,0.751559317111969,2024-12-17 19:55:20
1452856022,–ù–∞–∫–æ–Ω–µ—Ü —Ç–æ –±—É–¥—É—â–µ–µ üòÇ,–ü–æ–ª–æ–∂–∏—Ç–µ–ª—å–Ω—ã–π,0.8766734600067139,2024-12-17 19:55:14
733654749,–∂–∞–ª—å —Ä–æ–±–æ—Ç–∞-–¥–æ—Å—Ç–∞–≤—â–∏–∫–∞ üíî,–ù–µ–π—Ç—Ä–∞–ª—å–Ω—ã–π,0.5684977769851685,2024-12-17 19:55:03
878797539,–¢–∞–∫–æ–≥–æ –º–∞–ª—ã—à–∞ –æ–±–∏–¥–µ–ª–∏ üôà,–ü–æ–ª–æ–∂–∏—Ç–µ–ª—å–Ω—ã–π,0.47753286361694336,2024-12-17 19:54:58
1008998349,"–ù–∏—á–µ–≥–æ-–Ω–∏—á–µ–≥–æ, –≤–æ—Å—Å—Ç–∞–Ω–∏–µ –º–∞—à–∏–Ω —É–∂–µ —Å–∫–æ—Ä–æ, –æ—Ç–æ–º—Å—Ç—è—Ç –∑–∞ –±—Ä–∞—Ç–∞–Ω–∞",–ù–µ–π—Ç—Ä–∞–ª—å–Ω—ã–π,0.7587391138076782,2024-12-17 19:54:56
1943995806,—É–∂—Å,–ù–µ–π—Ç—Ä–∞–ª—å–Ω—ã–π,0.8288647532463074,2024-12-17 19:54:44
496975522,–ö–∞–ø–µ—Ü –¥–∞–∂–µ –Ω–∞ –º–∞—à–∏–Ω–∫—É —É–∂–µ –Ω–∞–ø–∞–¥–∞—é—Ç ü§£ü§£ü§£,–ü–æ–ª–æ–∂–∏—Ç–µ–ª—å–Ω—ã–π,0.5517820119857788,2024-12-17 19:54:25
1902833786,–ü–æ–∑–æ—Ä–∏—â–µ –∫–∞–∫–æ–µ ü§¶‚Äç‚ôÄÔ∏è,–ù–µ–≥–∞—Ç–∏–≤–Ω—ã–π,0.7515811920166016,2024-12-17 19:54:10
